Md;NN;EE;VV;NE;NV;EV
0;0,0000;0,0000;0,0000;0,0000;0,0000;0,0000
30;0,0322;0,0322;0,1228;0,0000;0,0000;0,0000
60;0,0771;0,0771;0,1236;0,0000;0,0000;0,0000
90;0,1099;0,1099;0,1250;0,0000;0,0000;0,0000
120;0,1431;0,1431;0,1270;0,0000;0,0000;0,0000
150;0,1765;0,1765;0,1296;0,0000;0,0000;0,0000
180;0,2102;0,2102;0,1327;0,0000;0,0000;0,0000
210;0,2442;0,2442;0,1365;0,0000;0,0000;0,0000
240;0,2786;0,2786;0,1408;0,0000;0,0000;0,0000
270;0,3132;0,3132;0,1457;0,0000;0,0000;0,0000
300;0,3481;0,3481;0,1512;0,0000;0,0000;0,0000
330;0,3833;0,3833;0,1574;0,0000;0,0000;0,0000
360;0,4189;0,4189;0,1642;0,0000;0,0000;0,0000
390;0,4547;0,4547;0,1716;0,0000;0,0000;0,0000
420;0,4908;0,4908;0,1798;0,0000;0,0000;0,0000
450;0,5272;0,5272;0,1886;0,0000;0,0000;0,0000
480;0,5640;0,5640;0,1981;0,0000;0,0000;0,0000
510;0,6010;0,6010;0,2083;0,0000;0,0000;0,0000
540;0,6383;0,6383;0,2193;0,0000;0,0000;0,0000
570;0,6759;0,6759;0,2310;0,0000;0,0000;0,0000
600;0,7139;0,7139;0,2435;0,0000;0,0000;0,0000
630;0,7521;0,7521;0,2568;0,0000;0,0000;0,0000
660;0,7906;0,7906;0,2710;0,0000;0,0000;0,0000
690;0,8294;0,8294;0,2860;0,0000;0,0000;0,0000
720;0,8685;0,8685;0,3019;0,0000;0,0000;0,0000
750;0,9079;0,9079;0,3187;0,0000;0,0000;0,0000
780;0,9477;0,9477;0,3364;0,0000;0,0000;0,0000
810;0,9877;0,9877;0,3552;0,0000;0,0000;0,0000
840;1,0280;1,0280;0,3749;0,0000;0,0000;0,0000
870;1,0686;1,0686;0,3957;0,0000;0,0000;0,0000
900;1,1095;1,1095;0,4175;0,0000;0,0000;0,0000
930;1,1507;1,1507;0,4405;0,0000;0,0000;0,0000
960;1,1923;1,1923;0,4646;0,0000;0,0000;0,0000
990;1,2341;1,2341;0,4899;0,0000;0,0000;0,0000
1020;1,2762;1,2762;0,5164;0,0000;0,0000;0,0000
1050;1,3186;1,3186;0,5442;0,0000;0,0000;0,0000
1080;1,3613;1,3613;0,5733;0,0000;0,0000;0,0000
1110;1,4043;1,4043;0,6038;0,0000;0,0000;0,0000
1140;1,4476;1,4476;0,6356;0,0000;0,0000;0,0000
1170;1,4912;1,4912;0,6689;0,0000;0,0000;0,0000
1200;1,5352;1,5352;0,7037;0,0000;0,0000;0,0000
1230;1,5771;1,5970;0,7400;0,0059;0,0002;0,0011
1260;1,6167;1,6586;0,7777;0,0128;0,0003;0,0029
1290;1,6595;1,7266;0,8170;0,0210;-0,0002;0,0029
1320;1,7070;1,8025;0,8581;0,0306;-0,0015;0,0008
1350;1,7616;1,8873;0,9011;0,0412;-0,0038;-0,0040
1380;1,8262;1,9820;0,9464;0,0524;-0,0071;-0,0119
1410;1,9046;2,0877;0,9942;0,0633;-0,0118;-0,0237
1440;2,0016;2,2049;1,0450;0,0729;-0,0179;-0,0399
1470;2,1228;2,3346;1,0991;0,0798;-0,0257;-0,0612
1500;2,2750;2,4773;1,1572;0,0823;-0,0354;-0,0883
1530;2,4663;2,6338;1,2196;0,0783;-0,0472;-0,1219
1560;2,7059;2,8048;1,2871;0,0653;-0,0613;-0,1627
1590;3,0045;2,9908;1,3603;0,0407;-0,0780;-0,2113
1620;3,3741;3,1925;1,4400;0,0010;-0,0975;-0,2685
1650;3,8283;3,4105;1,5269;-0,0574;-0,1200;-0,3348
1680;4,3822;3,6454;1,6220;-0,1386;-0,1457;-0,4109
1710;5,0523;3,8980;1,7261;-0,2472;-0,1749;-0,4974
1740;5,8567;4,1688;1,8402;-0,3882;-0,2077;-0,5947
1770;6,8149;4,4585;1,9654;-0,5671;-0,2443;-0,7033
1800;7,9476;4,7677;2,1027;-0,7896;-0,2850;-0,8237
1830;9,2767;5,0971;2,2532;-1,0619;-0,3297;-0,9561
1860;10,8254;5,4473;2,4181;-1,3906;-0,3787;-1,1007
1890;12,6175;5,8191;2,5985;-1,7823;-0,4320;-1,2577
1920;14,6775;6,2131;2,7956;-2,2441;-0,4897;-1,4271
1950;17,0303;6,6297;3,0105;-2,7831;-0,5517;-1,6089
1980;19,7012;7,0698;3,2445;-3,4064;-0,6181;-1,8029
2010;22,7152;7,5336;3,4987;-4,1212;-0,6887;-2,0088
2040;26,0968;8,0218;3,7742;-4,9346;-0,7634;-2,2263
2070;29,8699;8,5348;4,0721;-5,8535;-0,8421;-2,4549
2100;34,0575;9,0728;4,3935;-6,8846;-0,9246;-2,6939
2130;38,6197;9,6315;4,7205;-8,0174;-1,0078;-2,9320
2160;43,5015;10,2181;5,0688;-9,2337;-1,0943;-3,1785
2190;48,7030;10,8344;5,4363;-10,5331;-1,1844;-3,4342
2220;54,2242;11,4804;5,8232;-11,9156;-1,2779;-3,6993
2250;60,0651;12,1562;6,2295;-13,3810;-1,3750;-3,9736
2280;66,2257;12,8617;6,6551;-14,9295;-1,4757;-4,2571
2310;72,7061;13,5970;7,1001;-16,5611;-1,5798;-4,5499
2340;79,5062;14,3621;7,5645;-18,2756;-1,6875;-4,8519
2370;86,6260;15,1570;8,0482;-20,0732;-1,7987;-5,1632
2400;94,0656;15,9817;8,5514;-21,9537;-1,9134;-5,4836
2430;101,8249;16,8364;9,0740;-23,9173;-2,0317;-5,8132
2460;109,9039;17,7209;9,6159;-25,9638;-2,1534;-6,1520
2490;118,3027;18,6353;10,1773;-28,0934;-2,2786;-6,4999
2520;127,0212;19,5797;10,7581;-30,3059;-2,4074;-6,8570
2550;136,0594;20,5541;11,3584;-32,6014;-2,5396;-7,2232
2580;145,4174;21,5584;11,9781;-34,9799;-2,6753;-7,5986
2610;155,0951;22,5928;12,6173;-37,4413;-2,8145;-7,9830
2640;165,0926;23,6572;13,2759;-39,9857;-2,9572;-8,3765
2670;175,4098;24,7516;13,9540;-42,6131;-3,1034;-8,7791
2700;186,0468;25,8762;14,6515;-45,3233;-3,2530;-9,1907
2730;197,0035;27,0308;15,3686;-48,1165;-3,4061;-9,6114
2760;208,2799;28,2156;16,1052;-50,9927;-3,5627;-10,0411
2790;219,8761;29,4306;16,8612;-53,9517;-3,7227;-10,4798
2820;231,7921;30,6758;17,6368;-56,9937;-3,8862;-10,9275
2850;244,0278;31,9512;18,4319;-60,1186;-4,0532;-11,3842
2880;256,5833;33,2568;19,2466;-63,3264;-4,2236;-11,8498
2910;269,4586;34,5927;20,0808;-66,6171;-4,3975;-12,3244
2940;282,6536;35,9589;20,9345;-69,9906;-4,5748;-12,8079
2970;296,1684;37,3554;21,8079;-73,4471;-4,7555;-13,3004
3000;310,0029;38,7823;22,7008;-76,9864;-4,9396;-13,8017
3030;324,1572;40,2396;23,6132;-80,6085;-5,1272;-14,3119
3060;338,6313;41,7273;24,5453;-84,3136;-5,3183;-14,8310
3090;353,4251;43,2454;25,4970;-88,1015;-5,5127;-15,3589
3120;368,5388;44,7939;26,4683;-91,9722;-5,7105;-15,8957
3150;383,9722;46,3730;27,4592;-95,9257;-5,9118;-16,4412
3180;399,7254;47,9826;28,4698;-99,9621;-6,1165;-16,9956
3210;415,7983;49,6227;29,5000;-104,0813;-6,3245;-17,5587
3240;432,1911;51,2934;30,5498;-108,2833;-6,5360;-18,1306
3270;448,9036;52,9948;31,6194;-112,5681;-6,7509;-18,7113
3300;465,9359;54,7267;32,7086;-116,9357;-6,9691;-19,3007
3330;483,2880;56,4894;33,8174;-121,3861;-7,1907;-19,8988
3360;500,9599;58,2827;34,9460;-125,9193;-7,4157;-20,5055
3390;518,9516;60,1067;36,0943;-130,5353;-7,6441;-21,1210
3420;537,2631;61,9616;37,2623;-135,2340;-7,8759;-21,7451
3450;555,8944;63,8472;38,4501;-140,0154;-8,1110;-22,3778
3480;574,8455;65,7636;39,6576;-144,8796;-8,3494;-23,0192
3510;594,1164;67,7108;40,8848;-149,8266;-8,5913;-23,6692
3540;613,7071;69,6890;42,1318;-154,8562;-8,8364;-24,3277
3570;633,6176;71,6980;43,3986;-159,9686;-9,0850;-24,9948
3600;653,8479;73,7380;44,6851;-165,1638;-9,3368;-25,6705
3630;674,3980;75,8090;45,9915;-170,4416;-9,5920;-26,3547
3660;695,2680;77,9110;47,3177;-175,8021;-9,8505;-27,0474
3690;716,4577;80,0440;48,6637;-181,2453;-10,1123;-27,7486
3720;737,9673;82,2081;50,0295;-186,7712;-10,3775;-28,4582
3750;759,7967;84,4033;51,4152;-192,3797;-10,6460;-29,1763
3780;781,9459;86,6297;52,8207;-198,0709;-10,9177;-29,9028
3810;804,4150;88,8872;54,2461;-203,8448;-11,1928;-30,6378
3840;827,2038;91,1759;55,6913;-209,7013;-11,4712;-31,3811
3870;850,3125;93,4958;57,1565;-215,6404;-11,7529;-32,1328
3900;873,7411;95,8470;58,6415;-221,6622;-12,0378;-32,8928
3930;897,4894;98,2296;60,1465;-227,7665;-12,3260;-33,6612
3960;921,5576;100,6434;61,6714;-233,9535;-12,6175;-34,4379
3990;945,9457;103,0887;63,2163;-240,2231;-12,9123;-35,2228
4020;970,6536;105,5653;64,7810;-246,5753;-13,2104;-36,0161
4050;995,6813;108,0734;66,3658;-253,0100;-13,5117;-36,8176
4080;1021,0289;110,6129;67,9705;-259,5274;-13,8162;-37,6273
4110;1046,6963;113,1840;69,5953;-266,1272;-14,1240;-38,4452
4140;1072,6836;115,7866;71,2400;-272,8097;-14,4351;-39,2713
4170;1098,9907;118,4208;72,9047;-279,5747;-14,7493;-40,1055
4200;1125,6177;121,0866;74,5895;-286,4222;-15,0668;-40,9479
4230;1152,5646;123,7841;76,2943;-293,3522;-15,3876;-41,7985
4260;1179,8313;126,5133;78,0192;-300,3647;-15,7115;-42,6571
4290;1207,4179;129,2742;79,7641;-307,4598;-16,0387;-43,5238
4320;1235,3243;132,0668;81,5291;-314,6373;-16,3691;-44,3985
4350;1263,5506;134,8913;83,3142;-321,8973;-16,7026;-45,2813
4380;1292,0968;137,7475;85,1194;-329,2398;-17,0394;-46,1721
4410;1320,9629;140,6357;86,9447;-336,6648;-17,3794;-47,0709
4440;1350,1489;143,5558;88,7902;-344,1722;-17,7225;-47,9776
4470;1379,6547;146,5078;90,6558;-351,7621;-18,0688;-48,8923
4500;1409,4804;149,4918;92,5415;-359,4343;-18,4183;-49,8149
4530;1439,6260;152,5079;94,4474;-367,1891;-18,7710;-50,7454
4560;1470,0915;155,5560;96,3736;-375,0262;-19,1268;-51,6838
4590;1500,8769;158,6362;98,3199;-382,9457;-19,4857;-52,6300
4620;1531,9822;161,7485;100,2864;-390,9476;-19,8478;-53,5841
4650;1563,4073;164,8931;102,2732;-399,0319;-20,2131;-54,5460
4680;1595,1524;168,0698;104,2802;-407,1986;-20,5815;-55,5156
4710;1627,2174;171,2788;106,3074;-415,4476;-20,9530;-56,4930
4740;1659,6023;174,5201;108,3549;-423,7790;-21,3276;-57,4782
4770;1692,3071;177,7938;110,4228;-432,1927;-21,7054;-58,4710
4800;1725,3318;181,0998;112,5109;-440,6888;-22,0862;-59,4716
4830;1758,6764;184,4383;114,6193;-449,2671;-22,4702;-60,4798
4860;1792,3410;187,8092;116,7480;-457,9278;-22,8572;-61,4956
4890;1826,3254;191,2126;118,8971;-466,6708;-23,2474;-62,5190
4920;1860,6298;194,6485;121,0666;-475,4960;-23,6406;-63,5501
4950;1895,2541;198,1170;123,2564;-484,4036;-24,0369;-64,5887
4980;1930,1984;201,6182;125,4666;-493,3934;-24,4363;-65,6349
5010;1965,4626;205,1520;127,6972;-502,4654;-24,8387;-66,6885
5040;2001,0467;208,7185;129,9483;-511,6197;-25,2442;-67,7497
5070;2036,9507;212,3178;132,2197;-520,8562;-25,6528;-68,8183
5100;2073,1747;215,9498;134,5116;-530,1749;-26,0643;-69,8944
5130;2110,5032;219,6521;136,9035;-539,7938;-26,4844;-70,9975
5160;2149,6648;223,4254;139,3800;-549,9257;-26,9032;-72,0933
5190;2190,5294;227,2514;141,9374;-560,5388;-27,3175;-73,1745
5220;2232,9504;231,1133;144,5692;-571,5962;-27,7247;-74,2350
5250;2276,7655;234,9941;147,2680;-583,0564;-28,1219;-75,2687
5280;2321,7983;238,8763;150,0263;-594,8739;-28,5063;-76,2697
5310;2367,8592;242,7416;152,8358;-606,9993;-28,8753;-77,2317
5340;2414,7475;246,5723;155,6880;-619,3799;-29,2262;-78,1486
5370;2462,2526;250,3505;158,5737;-631,9601;-29,5566;-79,0144
5400;2510,1567;254,0584;161,4837;-644,6820;-29,8643;-79,8232
5430;2558,4505;257,7451;164,3559;-657,5255;-30,1601;-80,6003
5460;2607,2353;261,4687;167,2559;-670,5001;-30,4558;-81,3741
5490;2656,5112;265,2294;170,1836;-683,6057;-30,7525;-82,1477
5520;2706,2782;269,0272;173,1390;-696,8425;-31,0500;-82,9210
5550;2756,5363;272,8621;176,1222;-710,2102;-31,3485;-83,6941
5580;2807,2855;276,7340;179,1330;-723,7091;-31,6477;-84,4670
5610;2858,5259;280,6430;182,1716;-737,3390;-31,9479;-85,2396
5640;2910,2573;284,5891;185,2378;-751,1000;-32,2489;-86,0120
5670;2962,4798;288,5723;188,3318;-764,9921;-32,5508;-86,7842
5700;3015,1934;292,5926;191,4535;-779,0152;-32,8536;-87,5561
5730;3068,3981;296,6499;194,6029;-793,1693;-33,1573;-88,3278
5760;3122,0939;300,7443;197,7801;-807,4546;-33,4618;-89,0993
5790;3176,2808;304,8758;200,9849;-821,8709;-33,7672;-89,8705
5820;3230,9587;309,0443;204,2175;-836,4183;-34,0735;-90,6415
5850;3286,1278;313,2500;207,4777;-851,0967;-34,3806;-91,4123
5880;3341,7880;317,4927;210,7657;-865,9062;-34,6887;-92,1828
5910;3397,9393;321,7725;214,0814;-880,8468;-34,9975;-92,9531
5940;3454,5817;326,0894;217,4249;-895,9184;-35,3073;-93,7231
5970;3511,7152;330,4433;220,7960;-911,1211;-35,6180;-94,4930
6000;3569,3398;334,8344;224,1949;-926,4548;-35,9295;-95,2625
6030;3627,4554;339,2625;227,6214;-941,9197;-36,2419;-96,0319
6060;3686,0622;343,7277;231,0757;-957,5155;-36,5551;-96,8010
6090;3745,1601;348,2299;234,5577;-973,2425;-36,8693;-97,5699
6120;3804,7490;352,7693;238,0674;-989,1005;-37,1843;-98,3386
6150;3864,8291;357,3457;241,6048;-1005,0896;-37,5002;-99,1070
6180;3925,4003;361,9592;245,1700;-1021,2097;-37,8170;-99,8752
6210;3986,4625;366,6098;248,7628;-1037,4609;-38,1346;-100,6431
6240;4048,0159;371,2974;252,3834;-1053,8432;-38,4531;-101,4108
6270;4110,0604;376,0221;256,0317;-1070,3565;-38,7725;-102,1783
6300;4172,5959;380,7840;259,7077;-1087,0009;-39,0927;-102,9456
6330;4235,6226;385,5828;263,4114;-1103,7764;-39,4139;-103,7126
6360;4299,1403;390,4188;267,1428;-1120,6829;-39,7359;-104,4793
6390;4363,1492;395,2918;270,9020;-1137,7205;-40,0588;-105,2459
6420;4427,6491;400,2020;274,6889;-1154,8892;-40,3825;-106,0122
6450;4492,6402;405,1492;278,5034;-1172,1889;-40,7071;-106,7783
6480;4558,1223;410,1334;282,3457;-1189,6197;-41,0326;-107,5441
6510;4624,0956;415,1548;286,2157;-1207,1815;-41,3590;-108,3097
6540;4690,5599;420,2132;290,1135;-1224,8744;-41,6863;-109,0751
6570;4757,5153;425,3087;294,0389;-1242,6984;-42,0144;-109,8402
6600;4824,9619;430,4413;297,9920;-1260,6535;-42,3434;-110,6051
6630;4892,8995;435,6110;301,9729;-1278,7396;-42,6733;-111,3698
6660;4961,3282;440,8177;305,9815;-1296,9567;-43,0040;-112,1342
6690;5030,2481;446,0616;310,0178;-1315,3050;-43,3356;-112,8984
6720;5099,6590;451,3425;314,0818;-1333,7843;-43,6681;-113,6624
6750;5169,5610;456,6604;318,1735;-1352,3946;-44,0015;-114,4262
6780;5239,9541;462,0155;322,2930;-1371,1361;-44,3357;-115,1897
6810;5310,8384;467,4076;326,4401;-1390,0085;-44,6708;-115,9529
6840;5382,2137;472,8368;330,6150;-1409,0121;-45,0068;-116,7159
6870;5454,0801;478,3031;334,8176;-1428,1467;-45,3437;-117,4787
6900;5526,4376;483,8065;339,0479;-1447,4124;-45,6814;-118,2413
6930;5599,2862;489,3469;343,3059;-1466,8092;-46,0200;-119,0036
6960;5672,6259;494,9244;347,5916;-1486,3370;-46,3595;-119,7657
6990;5746,4567;500,5390;351,9051;-1505,9958;-46,6999;-120,5276
7020;5820,7786;506,1907;356,2462;-1525,7858;-47,0411;-121,2892
7050;5895,5916;511,8795;360,6151;-1545,7068;-47,3832;-122,0506
7080;5970,8957;517,6053;365,0117;-1565,7589;-47,7262;-122,8118
7110;6046,6909;523,3682;369,4360;-1585,9420;-48,0701;-123,5727
7140;6122,9772;529,1682;373,8881;-1606,2562;-48,4148;-124,3334
7170;6199,7546;535,0053;378,3678;-1626,7015;-48,7604;-125,0938
7200;6277,0231;540,8794;382,8752;-1647,2778;-49,1069;-125,8541
7230;6354,7827;546,7906;387,4104;-1667,9852;-49,4542;-126,6141
7260;6433,0334;552,7389;391,9733;-1688,8236;-49,8024;-127,3738
7290;6511,7752;558,7243;396,5639;-1709,7932;-50,1515;-128,1333
7320;6591,0081;564,7468;401,1822;-1730,8937;-50,5015;-128,8926
7350;6670,7320;570,8063;405,8282;-1752,1254;-50,8524;-129,6517
7380;6750,9471;576,9029;410,5020;-1773,4881;-51,2041;-130,4105
7410;6831,6533;583,0366;415,2034;-1794,9819;-51,5567;-131,1691
7440;6912,8506;589,2074;419,9326;-1816,6067;-51,9101;-131,9274
7470;6994,5389;595,4152;424,6895;-1838,3626;-52,2645;-132,6855
7500;7076,7184;601,6601;429,4741;-1860,2496;-52,6197;-133,4434
7530;7159,3890;607,9421;434,2864;-1882,2676;-52,9758;-134,2010
7560;7242,5506;614,2612;439,1264;-1904,4167;-53,3327;-134,9585
7590;7326,2034;620,6174;443,9942;-1926,6969;-53,6906;-135,7156
7620;7410,3473;627,0106;448,8897;-1949,1081;-54,0493;-136,4726
7650;7494,9822;633,4409;453,8128;-1971,6504;-54,4089;-137,2293
7680;7580,1083;639,9083;458,7637;-1994,3238;-54,7693;-137,9858
7710;7665,7254;646,4127;463,7423;-2017,1282;-55,1307;-138,7420
7740;7751,8337;652,9543;468,7487;-2040,0637;-55,4929;-139,4980
7770;7838,4330;659,5329;473,7827;-2063,1302;-55,8559;-140,2538
7800;7925,5235;666,1486;478,8445;-2086,3278;-56,2199;-141,0093
7830;8013,1050;672,8014;483,9339;-2109,6565;-56,5847;-141,7646
7860;8101,1777;679,4912;489,0511;-2133,1163;-56,9504;-142,5197
7890;8189,7414;686,2182;494,1960;-2156,7071;-57,3170;-143,2745
7920;8278,7962;692,9822;499,3686;-2180,4289;-57,6845;-144,0291
7950;8368,3422;699,7833;504,5690;-2204,2819;-58,0528;-144,7835
7980;8458,3792;706,6214;509,7970;-2228,2659;-58,4220;-145,5376
8000;8518,6721;711,2005;513,2943;-2244,3268;-58,6686;-146,0403