Md;NN;EE;VV;NE;NV;EV;HH;LL;AA;HL;HA;LA
0;0,0000;0,0000;0,0000;0,0000;0,0000;0,0000;0,0000;0,0000;0,0000;0,0000;0,0000;0,0000
30;0,0322;0,0322;0,1228;0,0000;0,0000;0,0000;0,0322;0,0322;0,1228;0,0000;0,0000;0,0000
60;0,0771;0,0771;0,1236;0,0000;0,0000;0,0000;0,0771;0,0771;0,1236;0,0000;0,0000;0,0000
90;0,1099;0,1099;0,1250;0,0000;0,0000;0,0000;0,1099;0,1099;0,1250;0,0000;0,0000;0,0000
120;0,1431;0,1431;0,1270;0,0000;0,0000;0,0000;0,1431;0,1431;0,1270;0,0000;0,0000;0,0000
150;0,1765;0,1765;0,1296;0,0000;0,0000;0,0000;0,1765;0,1765;0,1296;0,0000;0,0000;0,0000
180;0,2102;0,2102;0,1327;0,0000;0,0000;0,0000;0,2102;0,2102;0,1327;0,0000;0,0000;0,0000
210;0,2442;0,2442;0,1365;0,0000;0,0000;0,0000;0,2442;0,2442;0,1365;0,0000;0,0000;0,0000
240;0,2786;0,2786;0,1408;0,0000;0,0000;0,0000;0,2786;0,2786;0,1408;0,0000;0,0000;0,0000
270;0,3132;0,3132;0,1457;0,0000;0,0000;0,0000;0,3132;0,3132;0,1457;0,0000;0,0000;0,0000
300;0,3481;0,3481;0,1512;0,0000;0,0000;0,0000;0,3481;0,3481;0,1512;0,0000;0,0000;0,0000
330;0,3833;0,3833;0,1574;0,0000;0,0000;0,0000;0,3833;0,3833;0,1574;0,0000;0,0000;0,0000
360;0,4189;0,4189;0,1642;0,0000;0,0000;0,0000;0,4189;0,4189;0,1642;0,0000;0,0000;0,0000
390;0,4547;0,4547;0,1716;0,0000;0,0000;0,0000;0,4547;0,4547;0,1716;0,0000;0,0000;0,0000
420;0,4908;0,4908;0,1798;0,0000;0,0000;0,0000;0,4908;0,4908;0,1798;0,0000;0,0000;0,0000
450;0,5272;0,5272;0,1886;0,0000;0,0000;0,0000;0,5272;0,5272;0,1886;0,0000;0,0000;0,0000
480;0,5640;0,5640;0,1981;0,0000;0,0000;0,0000;0,5640;0,5640;0,1981;0,0000;0,0000;0,0000
510;0,6010;0,6010;0,2083;0,0000;0,0000;0,0000;0,6010;0,6010;0,2083;0,0000;0,0000;0,0000
540;0,6383;0,6383;0,2193;0,0000;0,0000;0,0000;0,6383;0,6383;0,2193;0,0000;0,0000;0,0000
570;0,6759;0,6759;0,2310;0,0000;0,0000;0,0000;0,6759;0,6759;0,2310;0,0000;0,0000;0,0000
600;0,7139;0,7139;0,2435;0,0000;0,0000;0,0000;0,7139;0,7139;0,2435;0,0000;0,0000;0,0000
630;0,7521;0,7521;0,2568;0,0000;0,0000;0,0000;0,7521;0,7521;0,2568;0,0000;0,0000;0,0000
660;0,7906;0,7906;0,2710;0,0000;0,0000;0,0000;0,7906;0,7906;0,2710;0,0000;0,0000;0,0000
690;0,8294;0,8294;0,2860;0,0000;0,0000;0,0000;0,8294;0,8294;0,2860;0,0000;0,0000;0,0000
720;0,8685;0,8685;0,3019;0,0000;0,0000;0,0000;0,8685;0,8685;0,3019;0,0000;0,0000;0,0000
750;0,9079;0,9079;0,3187;0,0000;0,0000;0,0000;0,9079;0,9079;0,3187;0,0000;0,0000;0,0000
780;0,9477;0,9477;0,3364;0,0000;0,0000;0,0000;0,9477;0,9477;0,3364;0,0000;0,0000;0,0000
810;0,9877;0,9877;0,3552;0,0000;0,0000;0,0000;0,9877;0,9877;0,3552;0,0000;0,0000;0,0000
840;1,0280;1,0280;0,3749;0,0000;0,0000;0,0000;1,0280;1,0280;0,3749;0,0000;0,0000;0,0000
870;1,0686;1,0686;0,3957;0,0000;0,0000;0,0000;1,0686;1,0686;0,3957;0,0000;0,0000;0,0000
900;1,1095;1,1095;0,4175;0,0000;0,0000;0,0000;1,1095;1,1095;0,4175;0,0000;0,0000;0,0000
930;1,1507;1,1507;0,4405;0,0000;0,0000;0,0000;1,1507;1,1507;0,4405;0,0000;0,0000;0,0000
960;1,1923;1,1923;0,4646;0,0000;0,0000;0,0000;1,1923;1,1923;0,4646;0,0000;0,0000;0,0000
990;1,2341;1,2341;0,4899;0,0000;0,0000;0,0000;1,2341;1,2341;0,4899;0,0000;0,0000;0,0000
1020;1,2762;1,2762;0,5164;0,0000;0,0000;0,0000;1,2762;1,2762;0,5164;0,0000;0,0000;0,0000
1050;1,3186;1,3186;0,5442;0,0000;0,0000;0,0000;1,3186;1,3186;0,5442;0,0000;0,0000;0,0000
1080;1,3613;1,3613;0,5733;0,0000;0,0000;0,0000;1,3613;1,3613;0,5733;0,0000;0,0000;0,0000
1110;1,4043;1,4043;0,6038;0,0000;0,0000;0,0000;1,4043;1,4043;0,6038;0,0000;0,0000;0,0000
1140;1,4476;1,4476;0,6356;0,0000;0,0000;0,0000;1,4476;1,4476;0,6356;0,0000;0,0000;0,0000
1170;1,4912;1,4912;0,6689;0,0000;0,0000;0,0000;1,4912;1,4912;0,6689;0,0000;0,0000;0,0000
1200;1,5352;1,5352;0,7037;0,0000;0,0000;0,0000;1,5352;1,5352;0,7037;0,0000;0,0000;0,0000
1230;1,5771;1,5970;0,7400;0,0059;0,0002;0,0011;1,5975;1,5755;0,7411;-0,0001;0,0311;0,0001
1260;1,6167;1,6586;0,7777;0,0128;0,0003;0,0029;1,6575;1,6131;0,7824;-0,0006;0,0644;0,0004
1290;1,6595;1,7266;0,8170;0,0210;-0,0002;0,0029;1,7220;1,6534;0,8276;-0,0015;0,0979;0,0008
1320;1,7070;1,8025;0,8581;0,0306;-0,0015;0,0008;1,7928;1,6981;0,8766;-0,0028;0,1318;0,0013
1350;1,7616;1,8873;0,9011;0,0412;-0,0038;-0,0040;1,8710;1,7494;0,9295;-0,0047;0,1662;0,0018
1380;1,8262;1,9820;0,9464;0,0524;-0,0071;-0,0119;1,9578;1,8104;0,9864;-0,0071;0,2016;0,0024
1410;1,9046;2,0877;0,9942;0,0633;-0,0118;-0,0237;2,0541;1,8852;1,0471;-0,0101;0,2383;0,0029
1440;2,0016;2,2049;1,0450;0,0729;-0,0179;-0,0399;2,1608;1,9788;1,1120;-0,0138;0,2768;0,0033
1470;2,1228;2,3346;1,0991;0,0798;-0,0257;-0,0612;2,2785;2,0971;1,1809;-0,0182;0,3174;0,0036
1500;2,2750;2,4773;1,1572;0,0823;-0,0354;-0,0883;2,4080;2,2475;1,2541;-0,0233;0,3608;0,0036
1530;2,4663;2,6338;1,2196;0,0783;-0,0472;-0,1219;2,5496;2,4384;1,3317;-0,0293;0,4074;0,0033
1560;2,7059;2,8048;1,2871;0,0653;-0,0613;-0,1627;2,7040;2,6799;1,4139;-0,0361;0,4578;0,0027
1590;3,0045;2,9908;1,3603;0,0407;-0,0780;-0,2113;2,8714;2,9832;1,5010;-0,0438;0,5127;0,0016
1620;3,3741;3,1925;1,4400;0,0010;-0,0975;-0,2685;3,0520;3,3614;1,5931;-0,0524;0,5726;0,0001
1650;3,8283;3,4105;1,5269;-0,0574;-0,1200;-0,3348;3,2460;3,8290;1,6907;-0,0620;0,6381;-0,0021
1680;4,3822;3,6454;1,6220;-0,1386;-0,1457;-0,4109;3,4535;4,4021;1,7940;-0,0726;0,7099;-0,0048
1710;5,0523;3,8980;1,7261;-0,2472;-0,1749;-0,4974;3,6745;5,0986;1,9034;-0,0842;0,7885;-0,0083
1740;5,8567;4,1688;1,8402;-0,3882;-0,2077;-0,5947;3,9087;5,9378;2,0193;-0,0968;0,8746;-0,0126
1770;6,8149;4,4585;1,9654;-0,5671;-0,2443;-0,7033;4,1560;6,9406;2,1422;-0,1105;0,9689;-0,0178
1800;7,9476;4,7677;2,1027;-0,7896;-0,2850;-0,8237;4,4161;8,1294;2,2725;-0,1251;1,0718;-0,0239
1830;9,2767;5,0971;2,2532;-1,0619;-0,3297;-0,9561;4,6885;9,5277;2,4109;-0,1406;1,1839;-0,0310
1860;10,8254;5,4473;2,4181;-1,3906;-0,3787;-1,1007;4,9727;11,1604;2,5577;-0,1571;1,3058;-0,0392
1890;12,6175;5,8191;2,5985;-1,7823;-0,4320;-1,2577;5,2681;13,0532;2,7137;-0,1744;1,4379;-0,0485
1920;14,6775;6,2131;2,7956;-2,2441;-0,4897;-1,4271;5,5741;15,2325;2,8794;-0,1925;1,5807;-0,0589
1950;17,0303;6,6297;3,0105;-2,7831;-0,5517;-1,6089;5,8899;17,7252;3,0556;-0,2113;1,7346;-0,0706
1980;19,7012;7,0698;3,2445;-3,4064;-0,6181;-1,8029;6,2145;20,5583;3,2427;-0,2307;1,9000;-0,0835
2010;22,7152;7,5336;3,4987;-4,1212;-0,6887;-2,0088;6,5471;23,7588;3,4416;-0,2506;2,0772;-0,0977
2040;26,0968;8,0218;3,7742;-4,9346;-0,7634;-2,2263;6,8866;27,3533;3,6529;-0,2708;2,2663;-0,1132
2070;29,8699;8,5348;4,0721;-5,8535;-0,8421;-2,4549;7,2319;31,3675;3,8774;-0,2912;2,4676;-0,1300
2100;34,0575;9,0728;4,3935;-6,8846;-0,9246;-2,6939;7,5819;35,8262;4,1158;-0,3116;2,6811;-0,1480
2130;38,6197;9,6315;4,7205;-8,0174;-1,0078;-2,9320;8,1102;40,6866;4,1750;-0,3378;2,7780;-0,1558
2160;43,5015;10,2181;5,0688;-9,2337;-1,0943;-3,1785;8,6634;45,8888;4,2362;-0,3651;2,8727;-0,1636
2190;48,7030;10,8344;5,4363;-10,5331;-1,1844;-3,4342;9,2417;51,4328;4,2992;-0,3936;2,9673;-0,1714
2220;54,2242;11,4804;5,8232;-11,9156;-1,2779;-3,6993;9,8449;57,3186;4,3643;-0,4232;3,0617;-0,1791
2250;60,0651;12,1562;6,2295;-13,3810;-1,3750;-3,9736;10,4730;63,5463;4,4314;-0,4541;3,1560;-0,1869
2280;66,2257;12,8617;6,6551;-14,9295;-1,4757;-4,2571;11,1262;70,1158;4,5006;-0,4861;3,2501;-0,1947
2310;72,7061;13,5970;7,1001;-16,5611;-1,5798;-4,5499;11,8043;77,0271;4,5718;-0,5192;3,3441;-0,2025
2340;79,5062;14,3621;7,5645;-18,2756;-1,6875;-4,8519;12,5074;84,2802;4,6452;-0,5536;3,4379;-0,2103
2370;86,6260;15,1570;8,0482;-20,0732;-1,7987;-5,1632;13,2354;91,8751;4,7208;-0,5891;3,5316;-0,2181
2400;94,0656;15,9817;8,5514;-21,9537;-1,9134;-5,4836;13,9884;99,8118;4,7985;-0,6258;3,6252;-0,2259
2430;101,8249;16,8364;9,0740;-23,9173;-2,0317;-5,8132;14,7664;108,0904;4,8784;-0,6636;3,7187;-0,2337
2460;109,9039;17,7209;9,6159;-25,9638;-2,1534;-6,1520;15,5694;116,7107;4,9606;-0,7026;3,8119;-0,2414
2490;118,3027;18,6353;10,1773;-28,0934;-2,2786;-6,4999;16,3973;125,6729;5,0451;-0,7428;3,9051;-0,2492
2520;127,0212;19,5797;10,7581;-30,3059;-2,4074;-6,8570;17,2502;134,9769;5,1319;-0,7842;3,9981;-0,2570
2550;136,0594;20,5541;11,3584;-32,6014;-2,5396;-7,2232;18,1281;144,6227;5,2211;-0,8267;4,0910;-0,2648
2580;145,4174;21,5584;11,9781;-34,9799;-2,6753;-7,5986;19,0309;154,6104;5,3126;-0,8704;4,1837;-0,2726
2610;155,0951;22,5928;12,6173;-37,4413;-2,8145;-7,9830;19,9587;164,9398;5,4066;-0,9153;4,2764;-0,2804
2640;165,0926;23,6572;13,2759;-39,9857;-2,9572;-8,3765;20,9115;175,6111;5,5031;-0,9613;4,3688;-0,2882
2670;175,4098;24,7516;13,9540;-42,6131;-3,1034;-8,7791;21,8892;186,6241;5,6020;-1,0085;4,4611;-0,2959
2700;186,0468;25,8762;14,6515;-45,3233;-3,2530;-9,1907;22,8920;197,9790;5,7035;-1,0569;4,5533;-0,3037
2730;197,0035;27,0308;15,3686;-48,1165;-3,4061;-9,6114;23,9196;209,6757;5,8075;-1,1064;4,6454;-0,3115
2760;208,2799;28,2156;16,1052;-50,9927;-3,5627;-10,0411;24,9723;221,7143;5,9142;-1,1572;4,7373;-0,3193
2790;219,8761;29,4306;16,8612;-53,9517;-3,7227;-10,4798;26,0499;234,0946;6,0235;-1,2091;4,8290;-0,3271
2820;231,7921;30,6758;17,6368;-56,9937;-3,8862;-10,9275;27,1525;246,8167;6,1355;-1,2621;4,9207;-0,3349
2850;244,0278;31,9512;18,4319;-60,1186;-4,0532;-11,3842;28,2801;259,8807;6,2502;-1,3163;5,0122;-0,3427
2880;256,5833;33,2568;19,2466;-63,3264;-4,2236;-11,8498;29,4326;273,2865;6,3676;-1,3717;5,1035;-0,3505
2910;269,4586;34,5927;20,0808;-66,6171;-4,3975;-12,3244;30,6101;287,0341;6,4879;-1,4283;5,1947;-0,3582
2940;282,6536;35,9589;20,9345;-69,9906;-4,5748;-12,8079;31,8126;301,1235;6,6109;-1,4860;5,2858;-0,3660
2970;296,1684;37,3554;21,8079;-73,4471;-4,7555;-13,3004;33,0401;315,5547;6,7369;-1,5449;5,3767;-0,3738
3000;310,0029;38,7823;22,7008;-76,9864;-4,9396;-13,8017;34,2925;330,3278;6,8658;-1,6050;5,4675;-0,3816
3030;324,1572;40,2396;23,6132;-80,6085;-5,1272;-14,3119;35,5699;345,4426;6,9976;-1,6663;5,5582;-0,3894
3060;338,6313;41,7273;24,5453;-84,3136;-5,3183;-14,8310;36,8722;360,8993;7,1324;-1,7287;5,6487;-0,3972
3090;353,4251;43,2454;25,4970;-88,1015;-5,5127;-15,3589;38,1995;376,6978;7,2702;-1,7923;5,7391;-0,4050
3120;368,5388;44,7939;26,4683;-91,9722;-5,7105;-15,8957;39,5518;392,8381;7,4111;-1,8570;5,8293;-0,4127
3150;383,9722;46,3730;27,4592;-95,9257;-5,9118;-16,4412;40,9291;409,3202;7,5551;-1,9230;5,9194;-0,4205
3180;399,7254;47,9826;28,4698;-99,9621;-6,1165;-16,9956;42,3313;426,1441;7,7023;-1,9901;6,0094;-0,4283
3210;415,7983;49,6227;29,5000;-104,0813;-6,3245;-17,5587;43,7585;443,3099;7,8526;-2,0583;6,0992;-0,4361
3240;432,1911;51,2934;30,5498;-108,2833;-6,5360;-18,1306;45,2107;460,8174;8,0062;-2,1278;6,1889;-0,4439
3270;448,9036;52,9948;31,6194;-112,5681;-6,7509;-18,7113;46,6879;478,6668;8,1631;-2,1984;6,2785;-0,4517
3300;465,9359;54,7267;32,7086;-116,9357;-6,9691;-19,3007;48,1900;496,8580;8,3232;-2,2701;6,3679;-0,4595
3330;483,2880;56,4894;33,8174;-121,3861;-7,1907;-19,8988;49,7171;515,3910;8,4868;-2,3431;6,4571;-0,4673
3360;500,9599;58,2827;34,9460;-125,9193;-7,4157;-20,5055;51,2691;534,2658;8,6537;-2,4172;6,5463;-0,4750
3390;518,9516;60,1067;36,0943;-130,5353;-7,6441;-21,1210;52,8462;553,4825;8,8241;-2,4925;6,6353;-0,4828
3420;537,2631;61,9616;37,2623;-135,2340;-7,8759;-21,7451;54,4481;573,0409;8,9979;-2,5689;6,7241;-0,4906
3450;555,8944;63,8472;38,4501;-140,0154;-8,1110;-22,3778;56,0751;592,9412;9,1753;-2,6466;6,8128;-0,4984
3480;574,8455;65,7636;39,6576;-144,8796;-8,3494;-23,0192;57,7270;613,1833;9,3563;-2,7254;6,9014;-0,5062
3510;594,1164;67,7108;40,8848;-149,8266;-8,5913;-23,6692;59,4040;633,7672;9,5409;-2,8053;6,9898;-0,5140
3540;613,7071;69,6890;42,1318;-154,8562;-8,8364;-24,3277;61,1058;654,6929;9,7291;-2,8865;7,0781;-0,5218
3570;633,6176;71,6980;43,3986;-159,9686;-9,0850;-24,9948;62,8327;675,9605;9,9211;-2,9688;7,1663;-0,5295
3600;653,8479;73,7380;44,6851;-165,1638;-9,3368;-25,6705;64,5845;697,5698;10,1168;-3,0522;7,2543;-0,5373
3630;674,3980;75,8090;45,9915;-170,4416;-9,5920;-26,3547;66,3613;719,5210;10,3163;-3,1369;7,3422;-0,5451
3660;695,2680;77,9110;47,3177;-175,8021;-9,8505;-27,0474;68,1630;741,8139;10,5197;-3,2227;7,4299;-0,5529
3690;716,4577;80,0440;48,6637;-181,2453;-10,1123;-27,7486;69,9898;764,4487;10,7269;-3,3097;7,5175;-0,5607
3720;737,9673;82,2081;50,0295;-186,7712;-10,3775;-28,4582;71,8414;787,4253;10,9381;-3,3978;7,6050;-0,5685
3750;759,7967;84,4033;51,4152;-192,3797;-10,6460;-29,1763;73,7181;810,7438;11,1533;-3,4872;7,6923;-0,5763
3780;781,9459;86,6297;52,8207;-198,0709;-10,9177;-29,9028;75,6197;834,4040;11,3725;-3,5776;7,7795;-0,5841
3810;804,4150;88,8872;54,2461;-203,8448;-11,1928;-30,6378;77,5464;858,4061;11,5958;-3,6693;7,8666;-0,5918
3840;827,2038;91,1759;55,6913;-209,7013;-11,4712;-31,3811;79,4979;882,7499;11,8232;-3,7621;7,9535;-0,5996
3870;850,3125;93,4958;57,1565;-215,6404;-11,7529;-32,1328;81,4745;907,4356;12,0547;-3,8561;8,0402;-0,6074
3900;873,7411;95,8470;58,6415;-221,6622;-12,0378;-32,8928;83,4760;932,4631;12,2905;-3,9513;8,1269;-0,6152
3930;897,4894;98,2296;60,1465;-227,7665;-12,3260;-33,6612;85,5025;957,8324;12,5306;-4,0477;8,2134;-0,6230
3960;921,5576;100,6434;61,6714;-233,9535;-12,6175;-34,4379;87,5539;983,5436;12,7750;-4,1452;8,2997;-0,6308
3990;945,9457;103,0887;63,2163;-240,2231;-12,9123;-35,2228;89,6303;1009,5965;13,0237;-4,2439;8,3859;-0,6386
4020;970,6536;105,5653;64,7810;-246,5753;-13,2104;-36,0161;91,7317;1035,9913;13,2769;-4,3437;8,4720;-0,6463
4050;995,6813;108,0734;66,3658;-253,0100;-13,5117;-36,8176;93,8581;1062,7279;13,5345;-4,4447;8,5579;-0,6541
4080;1021,0289;110,6129;67,9705;-259,5274;-13,8162;-37,6273;96,0094;1089,8062;13,7967;-4,5469;8,6437;-0,6619
4110;1046,6963;113,1840;69,5953;-266,1272;-14,1240;-38,4452;98,1857;1117,2265;14,0634;-4,6503;8,7294;-0,6697
4140;1072,6836;115,7866;71,2400;-272,8097;-14,4351;-39,2713;100,3870;1144,9885;14,3347;-4,7548;8,8149;-0,6775
4170;1098,9907;118,4208;72,9047;-279,5747;-14,7493;-40,1055;102,6133;1173,0923;14,6107;-4,8605;8,9003;-0,6853
4200;1125,6177;121,0866;74,5895;-286,4222;-15,0668;-40,9479;104,8645;1201,5380;14,8914;-4,9674;8,9855;-0,6931
4230;1152,5646;123,7841;76,2943;-293,3522;-15,3876;-41,7985;107,1407;1230,3254;15,1769;-5,0754;9,0706;-0,7009
4260;1179,8313;126,5133;78,0192;-300,3647;-15,7115;-42,6571;109,4418;1259,4547;15,4672;-5,1846;9,1556;-0,7086
4290;1207,4179;129,2742;79,7641;-307,4598;-16,0387;-43,5238;111,7679;1288,9258;15,7623;-5,2950;9,2404;-0,7164
4320;1235,3243;132,0668;81,5291;-314,6373;-16,3691;-44,3985;114,1190;1318,7387;16,0624;-5,4066;9,3251;-0,7242
4350;1263,5506;134,8913;83,3142;-321,8973;-16,7026;-45,2813;116,4951;1348,8935;16,3675;-5,5193;9,4097;-0,7320
4380;1292,0968;137,7475;85,1194;-329,2398;-17,0394;-46,1721;118,8961;1379,3900;16,6776;-5,6332;9,4941;-0,7398
4410;1320,9629;140,6357;86,9447;-336,6648;-17,3794;-47,0709;121,3221;1410,2284;16,9928;-5,7482;9,5784;-0,7476
4440;1350,1489;143,5558;88,7902;-344,1722;-17,7225;-47,9776;123,7731;1441,4086;17,3132;-5,8645;9,6625;-0,7554
4470;1379,6547;146,5078;90,6558;-351,7621;-18,0688;-48,8923;126,2490;1472,9305;17,6387;-5,9819;9,7465;-0,7631
4500;1409,4804;149,4918;92,5415;-359,4343;-18,4183;-49,8149;128,7499;1504,7944;17,9695;-6,1004;9,8303;-0,7709
4530;1439,6260;152,5079;94,4474;-367,1891;-18,7710;-50,7454;131,2758;1537,0000;18,3055;-6,2202;9,9140;-0,7787
4560;1470,0915;155,5560;96,3736;-375,0262;-19,1268;-51,6838;133,8267;1569,5474;18,6469;-6,3411;9,9976;-0,7865
4590;1500,8769;158,6362;98,3199;-382,9457;-19,4857;-52,6300;136,4025;1602,4367;18,9938;-6,4632;10,0811;-0,7943
4620;1531,9822;161,7485;100,2864;-390,9476;-19,8478;-53,5841;139,0033;1635,6677;19,3461;-6,5864;10,1644;-0,8021
4650;1563,4073;164,8931;102,2732;-399,0319;-20,2131;-54,5460;141,6291;1669,2406;19,7039;-6,7108;10,2475;-0,8099
4680;1595,1524;168,0698;104,2802;-407,1986;-20,5815;-55,5156;144,2798;1703,1553;20,0673;-6,8364;10,3305;-0,8177
4710;1627,2174;171,2788;106,3074;-415,4476;-20,9530;-56,4930;146,9555;1737,4118;20,4363;-6,9632;10,4134;-0,8254
4740;1659,6023;174,5201;108,3549;-423,7790;-21,3276;-57,4782;149,6562;1772,0102;20,8111;-7,0911;10,4962;-0,8332
4770;1692,3071;177,7938;110,4228;-432,1927;-21,7054;-58,4710;152,3818;1806,9503;21,1915;-7,2202;10,5788;-0,8410
4800;1725,3318;181,0998;112,5109;-440,6888;-22,0862;-59,4716;155,1324;1842,2323;21,5778;-7,3505;10,6612;-0,8488
4830;1758,6764;184,4383;114,6193;-449,2671;-22,4702;-60,4798;157,9080;1877,8560;21,9700;-7,4819;10,7435;-0,8566
4860;1792,3410;187,8092;116,7480;-457,9278;-22,8572;-61,4956;160,7085;1913,8216;22,3680;-7,6145;10,8257;-0,8644
4890;1826,3254;191,2126;118,8971;-466,6708;-23,2474;-62,5190;163,5341;1950,1290;22,7720;-7,7483;10,9078;-0,8722
4920;1860,6298;194,6485;121,0666;-475,4960;-23,6406;-63,5501;166,3846;1986,7783;23,1821;-7,8832;10,9897;-0,8799
4950;1895,2541;198,1170;123,2564;-484,4036;-24,0369;-64,5887;169,2600;2023,7693;23,5983;-8,0194;11,0715;-0,8877
4980;1930,1984;201,6182;125,4666;-493,3934;-24,4363;-65,6349;172,1604;2061,1021;24,0206;-8,1566;11,1531;-0,8955
5010;1965,4626;205,1520;127,6972;-502,4654;-24,8387;-66,6885;175,0858;2098,7768;24,4491;-8,2951;11,2346;-0,9033
5040;2001,0467;208,7185;129,9483;-511,6197;-25,2442;-67,7497;178,0362;2136,7933;24,8839;-8,4347;11,3159;-0,9111
5070;2036,9507;212,3178;132,2197;-520,8562;-25,6528;-68,8183;181,0116;2175,1516;25,3251;-8,5755;11,3972;-0,9189
5100;2073,1747;215,9498;134,5116;-530,1749;-26,0643;-69,8944;184,0119;2213,8517;25,7726;-8,7175;11,4782;-0,9267
5130;2110,5032;219,6521;136,9035;-539,7938;-26,4844;-70,9975;185,4636;2253,7371;27,8581;-8,7988;19,8715;-1,3951
5160;2149,6648;223,4254;139,3800;-549,9257;-26,9032;-72,0933;186,0670;2295,5940;30,8091;-8,8537;28,2610;-1,8709
5190;2190,5294;227,2514;141,9374;-560,5388;-27,3175;-73,1745;185,8157;2339,2841;34,6184;-8,8806;36,5555;-2,3524
5220;2232,9504;231,1133;144,5692;-571,5962;-27,7247;-74,2350;184,7125;2384,6508;39,2696;-8,8781;44,6672;-2,8379
5250;2276,7655;234,9941;147,2680;-583,0564;-28,1219;-75,2687;182,7692;2431,5210;44,7375;-8,8447;52,5095;-3,3253
5280;2321,7983;238,8763;150,0263;-594,8739;-28,5063;-76,2697;180,0067;2479,7059;50,9883;-8,7795;59,9976;-3,8126
5310;2367,8592;242,7416;152,8358;-606,9993;-28,8753;-77,2317;176,4546;2529,0030;57,9790;-8,6815;67,0497;-4,2974
5340;2414,7475;246,5723;155,6880;-619,3799;-29,2262;-78,1486;172,1512;2579,1972;65,6593;-8,5502;73,5877;-4,7775
5370;2462,2526;250,3505;158,5737;-631,9601;-29,5566;-79,0144;167,1429;2630,0633;73,9705;-8,3854;79,5380;-5,2504
5400;2510,1567;254,0584;161,4837;-644,6820;-29,8643;-79,8232;161,4837;2681,3678;82,8473;-8,1869;84,8327;-5,7136
5430;2558,4505;257,7451;164,3559;-657,5255;-30,1601;-80,6003;164,3559;2733,0952;83,1004;-8,2715;85,6599;-5,7426
5460;2607,2353;261,4687;167,2559;-670,5001;-30,4558;-81,3741;167,2559;2785,3488;83,3552;-8,3569;86,4839;-5,7716
5490;2656,5112;265,2294;170,1836;-683,6057;-30,7525;-82,1477;170,1836;2838,1286;83,6121;-8,4432;87,3079;-5,8005
5520;2706,2782;269,0272;173,1390;-696,8425;-31,0500;-82,9210;173,1390;2891,4346;83,8708;-8,5305;88,1319;-5,8295
5550;2756,5363;272,8621;176,1222;-710,2102;-31,3485;-83,6941;176,1222;2945,2668;84,1316;-8,6186;88,9559;-5,8585
5580;2807,2855;276,7340;179,1330;-723,7091;-31,6477;-84,4670;179,1330;2999,6253;84,3943;-8,7077;89,7799;-5,8874
5610;2858,5259;280,6430;182,1716;-737,3390;-31,9479;-85,2396;182,1716;3054,5100;84,6589;-8,7977;90,6039;-5,9164
5640;2910,2573;284,5891;185,2378;-751,1000;-32,2489;-86,0120;185,2378;3109,9208;84,9255;-8,8885;91,4279;-5,9453
5670;2962,4798;288,5723;188,3318;-764,9921;-32,5508;-86,7842;188,3318;3165,8580;85,1941;-8,9803;92,2519;-5,9743
5700;3015,1934;292,5926;191,4535;-779,0152;-32,8536;-87,5561;191,4535;3222,3213;85,4646;-9,0730;93,0759;-6,0033
5730;3068,3981;296,6499;194,6029;-793,1693;-33,1573;-88,3278;194,6029;3279,3108;85,7371;-9,1665;93,8999;-6,0322
5760;3122,0939;300,7443;197,7801;-807,4546;-33,4618;-89,0993;197,7801;3336,8266;86,0116;-9,2610;94,7239;-6,0612
5790;3176,2808;304,8758;200,9849;-821,8709;-33,7672;-89,8705;200,9849;3394,8685;86,2880;-9,3564;95,5478;-6,0902
5820;3230,9587;309,0443;204,2175;-836,4183;-34,0735;-90,6415;204,2175;3453,4367;86,5664;-9,4527;96,3718;-6,1191
5850;3286,1278;313,2500;207,4777;-851,0967;-34,3806;-91,4123;207,4777;3512,5311;86,8467;-9,5499;97,1958;-6,1481
5880;3341,7880;317,4927;210,7657;-865,9062;-34,6887;-92,1828;210,7657;3572,1518;87,1290;-9,6480;98,0198;-6,1771
5910;3397,9393;321,7725;214,0814;-880,8468;-34,9975;-92,9531;214,0814;3632,2986;87,4132;-9,7470;98,8438;-6,2060
5940;3454,5817;326,0894;217,4249;-895,9184;-35,3073;-93,7231;217,4249;3692,9716;87,6994;-9,8469;99,6678;-6,2350
5970;3511,7152;330,4433;220,7960;-911,1211;-35,6180;-94,4930;220,7960;3754,1709;87,9876;-9,9477;100,4918;-6,2640
6000;3569,3398;334,8344;224,1949;-926,4548;-35,9295;-95,2625;224,1949;3815,8964;88,2777;-10,0495;101,3158;-6,2929
6030;3627,4554;339,2625;227,6214;-941,9197;-36,2419;-96,0319;227,6214;3878,1481;88,5698;-10,1521;102,1398;-6,3219
6060;3686,0622;343,7277;231,0757;-957,5155;-36,5551;-96,8010;231,0757;3940,9260;88,8639;-10,2556;102,9638;-6,3509
6090;3745,1601;348,2299;234,5577;-973,2425;-36,8693;-97,5699;234,5577;4004,2301;89,1599;-10,3600;103,7878;-6,3798
6120;3804,7490;352,7693;238,0674;-989,1005;-37,1843;-98,3386;238,0674;4068,0605;89,4578;-10,4654;104,6118;-6,4088
6150;3864,8291;357,3457;241,6048;-1005,0896;-37,5002;-99,1070;241,6048;4132,4171;89,7577;-10,5716;105,4358;-6,4377
6180;3925,4003;361,9592;245,1700;-1021,2097;-37,8170;-99,8752;245,1700;4197,2999;90,0596;-10,6788;106,2597;-6,4667
6210;3986,4625;366,6098;248,7628;-1037,4609;-38,1346;-100,6431;248,7628;4262,7089;90,3635;-10,7868;107,0837;-6,4957
6240;4048,0159;371,2974;252,3834;-1053,8432;-38,4531;-101,4108;252,3834;4328,6441;90,6693;-10,8958;107,9077;-6,5246
6270;4110,0604;376,0221;256,0317;-1070,3565;-38,7725;-102,1783;256,0317;4395,1055;90,9770;-11,0057;108,7317;-6,5536
6300;4172,5959;380,7840;259,7077;-1087,0009;-39,0927;-102,9456;259,7077;4462,0932;91,2867;-11,1164;109,5557;-6,5826
6330;4235,6226;385,5828;263,4114;-1103,7764;-39,4139;-103,7126;263,4114;4529,6070;91,5984;-11,2281;110,3797;-6,6115
6360;4299,1403;390,4188;267,1428;-1120,6829;-39,7359;-104,4793;267,1428;4597,6471;91,9120;-11,3407;111,2037;-6,6405
6390;4363,1492;395,2918;270,9020;-1137,7205;-40,0588;-105,2459;270,9020;4666,2134;92,2276;-11,4542;112,0277;-6,6695
6420;4427,6491;400,2020;274,6889;-1154,8892;-40,3825;-106,0122;274,6889;4735,3059;92,5452;-11,5685;112,8517;-6,6984
6450;4492,6402;405,1492;278,5034;-1172,1889;-40,7071;-106,7783;278,5034;4804,9246;92,8647;-11,6838;113,6757;-6,7274
6480;4558,1223;410,1334;282,3457;-1189,6197;-41,0326;-107,5441;282,3457;4875,0696;93,1862;-11,8000;114,4997;-6,7564
6510;4624,0956;415,1548;286,2157;-1207,1815;-41,3590;-108,3097;286,2157;4945,7408;93,5096;-11,9171;115,3237;-6,7853
6540;4690,5599;420,2132;290,1135;-1224,8744;-41,6863;-109,0751;290,1135;5016,9381;93,8350;-12,0351;116,1477;-6,8143
6570;4757,5153;425,3087;294,0389;-1242,6984;-42,0144;-109,8402;294,0389;5088,6617;94,1623;-12,1540;116,9716;-6,8433
6600;4824,9619;430,4413;297,9920;-1260,6535;-42,3434;-110,6051;297,9920;5160,9115;94,4917;-12,2739;117,7956;-6,8722
6630;4892,8995;435,6110;301,9729;-1278,7396;-42,6733;-111,3698;301,9729;5233,6876;94,8229;-12,3946;118,6196;-6,9012
6660;4961,3282;440,8177;305,9815;-1296,9567;-43,0040;-112,1342;305,9815;5306,9898;95,1562;-12,5162;119,4436;-6,9301
6690;5030,2481;446,0616;310,0178;-1315,3050;-43,3356;-112,8984;310,0178;5380,8183;95,4913;-12,6387;120,2676;-6,9591
6720;5099,6590;451,3425;314,0818;-1333,7843;-43,6681;-113,6624;314,0818;5455,1730;95,8285;-12,7622;121,0916;-6,9881
6750;5169,5610;456,6604;318,1735;-1352,3946;-44,0015;-114,4262;318,1735;5530,0539;96,1676;-12,8865;121,9156;-7,0170
6780;5239,9541;462,0155;322,2930;-1371,1361;-44,3357;-115,1897;322,2930;5605,4610;96,5087;-13,0118;122,7396;-7,0460
6810;5310,8384;467,4076;326,4401;-1390,0085;-44,6708;-115,9529;326,4401;5681,3943;96,8517;-13,1379;123,5636;-7,0750
6840;5382,2137;472,8368;330,6150;-1409,0121;-45,0068;-116,7159;330,6150;5757,8538;97,1967;-13,2650;124,3876;-7,1039
6870;5454,0801;478,3031;334,8176;-1428,1467;-45,3437;-117,4787;334,8176;5834,8396;97,5436;-13,3929;125,2116;-7,1329
6900;5526,4376;483,8065;339,0479;-1447,4124;-45,6814;-118,2413;339,0479;5912,3516;97,8925;-13,5218;126,0356;-7,1619
6930;5599,2862;489,3469;343,3059;-1466,8092;-46,0200;-119,0036;343,3059;5990,3898;98,2434;-13,6515;126,8596;-7,1908
6960;5672,6259;494,9244;347,5916;-1486,3370;-46,3595;-119,7657;347,5916;6068,9542;98,5962;-13,7822;127,6835;-7,2198
6990;5746,4567;500,5390;351,9051;-1505,9958;-46,6999;-120,5276;351,9051;6148,0448;98,9510;-13,9138;128,5075;-7,2488
7020;5820,7786;506,1907;356,2462;-1525,7858;-47,0411;-121,2892;356,2462;6227,6616;99,3077;-14,0463;129,3315;-7,2777
7050;5895,5916;511,8795;360,6151;-1545,7068;-47,3832;-122,0506;360,6151;6307,8047;99,6664;-14,1797;130,1555;-7,3067
7080;5970,8957;517,6053;365,0117;-1565,7589;-47,7262;-122,8118;365,0117;6388,4740;100,0271;-14,3139;130,9795;-7,3357
7110;6046,6909;523,3682;369,4360;-1585,9420;-48,0701;-123,5727;369,4360;6469,6695;100,3897;-14,4491;131,8035;-7,3646
7140;6122,9772;529,1682;373,8881;-1606,2562;-48,4148;-124,3334;373,8881;6551,3912;100,7543;-14,5852;132,6275;-7,3936
7170;6199,7546;535,0053;378,3678;-1626,7015;-48,7604;-125,0938;378,3678;6633,6391;101,1208;-14,7223;133,4515;-7,4225
7200;6277,0231;540,8794;382,8752;-1647,2778;-49,1069;-125,8541;382,8752;6716,4132;101,4893;-14,8602;134,2755;-7,4515
7230;6354,7827;546,7906;387,4104;-1667,9852;-49,4542;-126,6141;387,4104;6799,7136;101,8597;-14,9990;135,0995;-7,4805
7260;6433,0334;552,7389;391,9733;-1688,8236;-49,8024;-127,3738;391,9733;6883,5402;102,2321;-15,1387;135,9235;-7,5094
7290;6511,7752;558,7243;396,5639;-1709,7932;-50,1515;-128,1333;396,5639;6967,8930;102,6065;-15,2793;136,7475;-7,5384
7320;6591,0081;564,7468;401,1822;-1730,8937;-50,5015;-128,8926;401,1822;7052,7720;102,9829;-15,4208;137,5715;-7,5674
7350;6670,7320;570,8063;405,8282;-1752,1254;-50,8524;-129,6517;405,8282;7138,1772;103,3611;-15,5633;138,3954;-7,5963
7380;6750,9471;576,9029;410,5020;-1773,4881;-51,2041;-130,4105;410,5020;7224,1086;103,7414;-15,7066;139,2194;-7,6253
7410;6831,6533;583,0366;415,2034;-1794,9819;-51,5567;-131,1691;415,2034;7310,5663;104,1236;-15,8509;140,0434;-7,6543
7440;6912,8506;589,2074;419,9326;-1816,6067;-51,9101;-131,9274;419,9326;7397,5501;104,5078;-15,9960;140,8674;-7,6832
7470;6994,5389;595,4152;424,6895;-1838,3626;-52,2645;-132,6855;424,6895;7485,0602;104,8939;-16,1421;141,6914;-7,7122
7500;7076,7184;601,6601;429,4741;-1860,2496;-52,6197;-133,4434;429,4741;7573,0965;105,2820;-16,2890;142,5154;-7,7412
7530;7159,3890;607,9421;434,2864;-1882,2676;-52,9758;-134,2010;434,2864;7661,6591;105,6720;-16,4369;143,3394;-7,7701
7560;7242,5506;614,2612;439,1264;-1904,4167;-53,3327;-134,9585;439,1264;7750,7478;106,0640;-16,5856;144,1634;-7,7991
7590;7326,2034;620,6174;443,9942;-1926,6969;-53,6906;-135,7156;443,9942;7840,3627;106,4580;-16,7353;144,9874;-7,8281
7620;7410,3473;627,0106;448,8897;-1949,1081;-54,0493;-136,4726;448,8897;7930,5039;106,8539;-16,8859;145,8114;-7,8570
7650;7494,9822;633,4409;453,8128;-1971,6504;-54,4089;-137,2293;453,8128;8021,1713;107,2518;-17,0374;146,6354;-7,8860
7680;7580,1083;639,9083;458,7637;-1994,3238;-54,7693;-137,9858;458,7637;8112,3649;107,6516;-17,1898;147,4594;-7,9149
7710;7665,7254;646,4127;463,7423;-2017,1282;-55,1307;-138,7420;463,7423;8204,0847;108,0534;-17,3431;148,2834;-7,9439
7740;7751,8337;652,9543;468,7487;-2040,0637;-55,4929;-139,4980;468,7487;8296,3308;108,4572;-17,4973;149,1073;-7,9729
7770;7838,4330;659,5329;473,7827;-2063,1302;-55,8559;-140,2538;473,7827;8389,1030;108,8629;-17,6524;149,9313;-8,0018
7800;7925,5235;666,1486;478,8445;-2086,3278;-56,2199;-141,0093;478,8445;8482,4015;109,2706;-17,8084;150,7553;-8,0308
7830;8013,1050;672,8014;483,9339;-2109,6565;-56,5847;-141,7646;483,9339;8576,2262;109,6802;-17,9653;151,5793;-8,0598
7860;8101,1777;679,4912;489,0511;-2133,1163;-56,9504;-142,5197;489,0511;8670,5771;110,0918;-18,1231;152,4033;-8,0887
7890;8189,7414;686,2182;494,1960;-2156,7071;-57,3170;-143,2745;494,1960;8765,4542;110,5054;-18,2818;153,2273;-8,1177
7920;8278,7962;692,9822;499,3686;-2180,4289;-57,6845;-144,0291;499,3686;8860,8575;110,9209;-18,4414;154,0513;-8,1467
7950;8368,3422;699,7833;504,5690;-2204,2819;-58,0528;-144,7835;504,5690;8956,7871;111,3384;-18,6019;154,8753;-8,1756
7980;8458,3792;706,6214;509,7970;-2228,2659;-58,4220;-145,5376;509,7970;9053,2428;111,7578;-18,7634;155,6993;-8,2046
8000;8518,6721;711,2005;513,2943;-2244,3268;-58,6686;-146,0403;513,2943;9117,8341;112,0385;-18,8715;156,2486;-8,2239